img,adj1,adj2,adj1not,adj2not,feature1,feature2,num_objs1,num_objs2,position,obj1shape, obj1color,obj1pattern,obj2shape, obj2color,obj2pattern,obj3shape, obj3color,obj3pattern
http://langcog.stanford.edu/expts/simple_pragmatics/type1-03-Oct-2011-03-Oct-2011-cond1-img0001.jpg,green,circle,blue,square,color,shape,3,3,1,circle,green,solid,circle,green,solid,circle,green,solid
http://langcog.stanford.edu/expts/simple_pragmatics/type1-03-Oct-2011-03-Oct-2011-cond1-img0002.jpg,green,dotted,blue,striped,color,pattern,3,3,2,cloud,green,dotted,cloud,green,dotted,cloud,green,dotted
http://langcog.stanford.edu/expts/simple_pragmatics/type1-03-Oct-2011-03-Oct-2011-cond1-img0003.jpg,circle,dotted,square,striped,shape,pattern,3,3,2,circle,red,dotted,circle,red,dotted,circle,red,dotted
http://langcog.stanford.edu/expts/simple_pragmatics/type1-03-Oct-2011-03-Oct-2011-cond1-img0004.jpg,circle,striped,square,dotted,shape,pattern,3,3,2,circle,red,striped,circle,red,striped,circle,red,striped
http://langcog.stanford.edu/expts/simple_pragmatics/type1-03-Oct-2011-03-Oct-2011-cond1-img0005.jpg,square,striped,circle,dotted,shape,pattern,3,3,1,square,red,striped,square,red,striped,square,red,striped
http://langcog.stanford.edu/expts/simple_pragmatics/type1-03-Oct-2011-03-Oct-2011-cond1-img0006.jpg,striped,green,dotted,blue,pattern,color,3,3,3,cloud,green,striped,cloud,green,striped,cloud,green,striped
http://langcog.stanford.edu/expts/simple_pragmatics/type1-03-Oct-2011-03-Oct-2011-cond1-img0007.jpg,dotted,circle,striped,square,pattern,shape,3,3,1,circle,red,dotted,circle,red,dotted,circle,red,dotted
http://langcog.stanford.edu/expts/simple_pragmatics/type1-03-Oct-2011-03-Oct-2011-cond1-img0008.jpg,blue,square,green,circle,color,shape,3,3,3,square,blue,solid,square,blue,solid,square,blue,solid
http://langcog.stanford.edu/expts/simple_pragmatics/type1-03-Oct-2011-03-Oct-2011-cond1-img0009.jpg,circle,green,square,blue,shape,color,3,3,3,circle,green,solid,circle,green,solid,circle,green,solid
http://langcog.stanford.edu/expts/simple_pragmatics/type1-03-Oct-2011-03-Oct-2011-cond1-img0010.jpg,striped,square,dotted,circle,pattern,shape,3,3,2,square,red,striped,square,red,striped,square,red,striped
http://langcog.stanford.edu/expts/simple_pragmatics/type1-03-Oct-2011-03-Oct-2011-cond1-img0011.jpg,striped,square,dotted,circle,pattern,shape,3,3,2,square,red,striped,square,red,striped,square,red,striped
http://langcog.stanford.edu/expts/simple_pragmatics/type1-03-Oct-2011-03-Oct-2011-cond1-img0012.jpg,striped,square,dotted,circle,pattern,shape,3,3,2,square,red,striped,square,red,striped,square,red,striped
http://langcog.stanford.edu/expts/simple_pragmatics/type1-03-Oct-2011-03-Oct-2011-cond1-img0013.jpg,dotted,square,striped,circle,pattern,shape,3,3,3,square,red,dotted,square,red,dotted,square,red,dotted
http://langcog.stanford.edu/expts/simple_pragmatics/type1-03-Oct-2011-03-Oct-2011-cond1-img0014.jpg,circle,dotted,square,striped,shape,pattern,3,3,2,circle,red,dotted,circle,red,dotted,circle,red,dotted
http://langcog.stanford.edu/expts/simple_pragmatics/type1-03-Oct-2011-03-Oct-2011-cond1-img0015.jpg,green,dotted,blue,striped,color,pattern,3,3,2,cloud,green,dotted,cloud,green,dotted,cloud,green,dotted
http://langcog.stanford.edu/expts/simple_pragmatics/type1-03-Oct-2011-03-Oct-2011-cond1-img0016.jpg,green,circle,blue,square,color,shape,3,3,1,circle,green,solid,circle,green,solid,circle,green,solid
http://langcog.stanford.edu/expts/simple_pragmatics/type1-03-Oct-2011-03-Oct-2011-cond1-img0017.jpg,circle,striped,square,dotted,shape,pattern,3,3,3,circle,red,striped,circle,red,striped,circle,red,striped
http://langcog.stanford.edu/expts/simple_pragmatics/type1-03-Oct-2011-03-Oct-2011-cond1-img0018.jpg,circle,green,square,blue,shape,color,3,3,2,circle,green,solid,circle,green,solid,circle,green,solid
http://langcog.stanford.edu/expts/simple_pragmatics/type1-03-Oct-2011-03-Oct-2011-cond1-img0019.jpg,green,dotted,blue,striped,color,pattern,3,3,2,cloud,green,dotted,cloud,green,dotted,cloud,green,dotted
http://langcog.stanford.edu/expts/simple_pragmatics/type1-03-Oct-2011-03-Oct-2011-cond1-img0020.jpg,dotted,blue,striped,green,pattern,color,3,3,2,cloud,blue,dotted,cloud,blue,dotted,cloud,blue,dotted
http://langcog.stanford.edu/expts/simple_pragmatics/type1-03-Oct-2011-03-Oct-2011-cond1-img0021.jpg,green,circle,blue,square,color,shape,3,3,3,circle,green,solid,circle,green,solid,circle,green,solid
http://langcog.stanford.edu/expts/simple_pragmatics/type1-03-Oct-2011-03-Oct-2011-cond1-img0022.jpg,striped,circle,dotted,square,pattern,shape,3,3,1,circle,red,striped,circle,red,striped,circle,red,striped
http://langcog.stanford.edu/expts/simple_pragmatics/type1-03-Oct-2011-03-Oct-2011-cond1-img0023.jpg,striped,square,dotted,circle,pattern,shape,3,3,1,square,red,striped,square,red,striped,square,red,striped
http://langcog.stanford.edu/expts/simple_pragmatics/type1-03-Oct-2011-03-Oct-2011-cond1-img0024.jpg,circle,blue,square,green,shape,color,3,3,1,circle,blue,solid,circle,blue,solid,circle,blue,solid
http://langcog.stanford.edu/expts/simple_pragmatics/type1-03-Oct-2011-03-Oct-2011-cond1-img0025.jpg,striped,blue,dotted,green,pattern,color,3,3,2,cloud,blue,striped,cloud,blue,striped,cloud,blue,striped
http://langcog.stanford.edu/expts/simple_pragmatics/type1-03-Oct-2011-03-Oct-2011-cond1-img0026.jpg,dotted,square,striped,circle,pattern,shape,3,3,1,square,red,dotted,square,red,dotted,square,red,dotted
http://langcog.stanford.edu/expts/simple_pragmatics/type1-03-Oct-2011-03-Oct-2011-cond1-img0027.jpg,blue,circle,green,square,color,shape,3,3,1,circle,blue,solid,circle,blue,solid,circle,blue,solid
http://langcog.stanford.edu/expts/simple_pragmatics/type1-03-Oct-2011-03-Oct-2011-cond1-img0028.jpg,square,green,circle,blue,shape,color,3,3,1,square,green,solid,square,green,solid,square,green,solid
http://langcog.stanford.edu/expts/simple_pragmatics/type1-03-Oct-2011-03-Oct-2011-cond1-img0029.jpg,square,green,circle,blue,shape,color,3,3,1,square,green,solid,square,green,solid,square,green,solid
http://langcog.stanford.edu/expts/simple_pragmatics/type1-03-Oct-2011-03-Oct-2011-cond1-img0030.jpg,circle,green,square,blue,shape,color,3,3,1,circle,green,solid,circle,green,solid,circle,green,solid
http://langcog.stanford.edu/expts/simple_pragmatics/type1-03-Oct-2011-03-Oct-2011-cond1-img0031.jpg,green,square,blue,circle,color,shape,3,3,3,square,green,solid,square,green,solid,square,green,solid
http://langcog.stanford.edu/expts/simple_pragmatics/type1-03-Oct-2011-03-Oct-2011-cond1-img0032.jpg,green,striped,blue,dotted,color,pattern,3,3,2,cloud,green,striped,cloud,green,striped,cloud,green,striped
http://langcog.stanford.edu/expts/simple_pragmatics/type1-03-Oct-2011-03-Oct-2011-cond1-img0033.jpg,green,square,blue,circle,color,shape,3,3,3,square,green,solid,square,green,solid,square,green,solid
http://langcog.stanford.edu/expts/simple_pragmatics/type1-03-Oct-2011-03-Oct-2011-cond1-img0034.jpg,square,blue,circle,green,shape,color,3,3,2,square,blue,solid,square,blue,solid,square,blue,solid
http://langcog.stanford.edu/expts/simple_pragmatics/type1-03-Oct-2011-03-Oct-2011-cond1-img0035.jpg,striped,blue,dotted,green,pattern,color,3,3,3,cloud,blue,striped,cloud,blue,striped,cloud,blue,striped
http://langcog.stanford.edu/expts/simple_pragmatics/type1-03-Oct-2011-03-Oct-2011-cond1-img0036.jpg,circle,striped,square,dotted,shape,pattern,3,3,2,circle,red,striped,circle,red,striped,circle,red,striped
http://langcog.stanford.edu/expts/simple_pragmatics/type1-03-Oct-2011-03-Oct-2011-cond1-img0037.jpg,green,striped,blue,dotted,color,pattern,3,3,3,cloud,green,striped,cloud,green,striped,cloud,green,striped
http://langcog.stanford.edu/expts/simple_pragmatics/type1-03-Oct-2011-03-Oct-2011-cond1-img0038.jpg,circle,blue,square,green,shape,color,3,3,3,circle,blue,solid,circle,blue,solid,circle,blue,solid
http://langcog.stanford.edu/expts/simple_pragmatics/type1-03-Oct-2011-03-Oct-2011-cond1-img0039.jpg,dotted,square,striped,circle,pattern,shape,3,3,1,square,red,dotted,square,red,dotted,square,red,dotted
http://langcog.stanford.edu/expts/simple_pragmatics/type1-03-Oct-2011-03-Oct-2011-cond1-img0040.jpg,dotted,square,striped,circle,pattern,shape,3,3,1,square,red,dotted,square,red,dotted,square,red,dotted
http://langcog.stanford.edu/expts/simple_pragmatics/type1-03-Oct-2011-03-Oct-2011-cond1-img0041.jpg,striped,square,dotted,circle,pattern,shape,3,3,1,square,red,striped,square,red,striped,square,red,striped
http://langcog.stanford.edu/expts/simple_pragmatics/type1-03-Oct-2011-03-Oct-2011-cond1-img0042.jpg,circle,striped,square,dotted,shape,pattern,3,3,1,circle,red,striped,circle,red,striped,circle,red,striped
http://langcog.stanford.edu/expts/simple_pragmatics/type1-03-Oct-2011-03-Oct-2011-cond1-img0043.jpg,circle,striped,square,dotted,shape,pattern,3,3,2,circle,red,striped,circle,red,striped,circle,red,striped
http://langcog.stanford.edu/expts/simple_pragmatics/type1-03-Oct-2011-03-Oct-2011-cond1-img0044.jpg,dotted,circle,striped,square,pattern,shape,3,3,2,circle,red,dotted,circle,red,dotted,circle,red,dotted
http://langcog.stanford.edu/expts/simple_pragmatics/type1-03-Oct-2011-03-Oct-2011-cond1-img0045.jpg,square,blue,circle,green,shape,color,3,3,1,square,blue,solid,square,blue,solid,square,blue,solid
http://langcog.stanford.edu/expts/simple_pragmatics/type1-03-Oct-2011-03-Oct-2011-cond1-img0046.jpg,square,dotted,circle,striped,shape,pattern,3,3,3,square,red,dotted,square,red,dotted,square,red,dotted
http://langcog.stanford.edu/expts/simple_pragmatics/type1-03-Oct-2011-03-Oct-2011-cond1-img0047.jpg,circle,green,square,blue,shape,color,3,3,2,circle,green,solid,circle,green,solid,circle,green,solid
http://langcog.stanford.edu/expts/simple_pragmatics/type1-03-Oct-2011-03-Oct-2011-cond1-img0048.jpg,blue,square,green,circle,color,shape,3,3,3,square,blue,solid,square,blue,solid,square,blue,solid
http://langcog.stanford.edu/expts/simple_pragmatics/type1-03-Oct-2011-03-Oct-2011-cond1-img0049.jpg,dotted,green,striped,blue,pattern,color,3,3,3,cloud,green,dotted,cloud,green,dotted,cloud,green,dotted
http://langcog.stanford.edu/expts/simple_pragmatics/type1-03-Oct-2011-03-Oct-2011-cond1-img0050.jpg,square,blue,circle,green,shape,color,3,3,1,square,blue,solid,square,blue,solid,square,blue,solid
http://langcog.stanford.edu/expts/simple_pragmatics/type1-03-Oct-2011-03-Oct-2011-cond2-img0001.jpg,green,square,blue,circle,color,shape,3,2,1,square,green,solid,square,green,solid,circle,green,solid
http://langcog.stanford.edu/expts/simple_pragmatics/type1-03-Oct-2011-03-Oct-2011-cond2-img0002.jpg,blue,striped,green,dotted,color,pattern,3,2,3,cloud,blue,striped,cloud,blue,dotted,cloud,blue,striped
http://langcog.stanford.edu/expts/simple_pragmatics/type1-03-Oct-2011-03-Oct-2011-cond2-img0003.jpg,green,striped,blue,dotted,color,pattern,3,2,3,cloud,green,striped,cloud,green,dotted,cloud,green,striped
http://langcog.stanford.edu/expts/simple_pragmatics/type1-03-Oct-2011-03-Oct-2011-cond2-img0004.jpg,dotted,square,striped,circle,pattern,shape,3,2,2,circle,red,dotted,square,red,dotted,square,red,dotted
http://langcog.stanford.edu/expts/simple_pragmatics/type1-03-Oct-2011-03-Oct-2011-cond2-img0005.jpg,striped,square,dotted,circle,pattern,shape,3,2,3,circle,red,striped,square,red,striped,square,red,striped
http://langcog.stanford.edu/expts/simple_pragmatics/type1-03-Oct-2011-03-Oct-2011-cond2-img0006.jpg,striped,green,dotted,blue,pattern,color,3,2,2,cloud,green,striped,cloud,green,striped,cloud,blue,striped
http://langcog.stanford.edu/expts/simple_pragmatics/type1-03-Oct-2011-03-Oct-2011-cond2-img0007.jpg,striped,green,dotted,blue,pattern,color,3,2,2,cloud,blue,striped,cloud,green,striped,cloud,green,striped
http://langcog.stanford.edu/expts/simple_pragmatics/type1-03-Oct-2011-03-Oct-2011-cond2-img0008.jpg,blue,circle,green,square,color,shape,3,2,3,circle,blue,solid,square,blue,solid,circle,blue,solid
http://langcog.stanford.edu/expts/simple_pragmatics/type1-03-Oct-2011-03-Oct-2011-cond2-img0009.jpg,blue,square,green,circle,color,shape,3,2,2,circle,blue,solid,square,blue,solid,square,blue,solid
http://langcog.stanford.edu/expts/simple_pragmatics/type1-03-Oct-2011-03-Oct-2011-cond2-img0010.jpg,blue,circle,green,square,color,shape,3,2,3,circle,blue,solid,square,blue,solid,circle,blue,solid
http://langcog.stanford.edu/expts/simple_pragmatics/type1-03-Oct-2011-03-Oct-2011-cond2-img0011.jpg,blue,dotted,green,striped,color,pattern,3,2,1,cloud,blue,dotted,cloud,blue,dotted,cloud,blue,striped
http://langcog.stanford.edu/expts/simple_pragmatics/type1-03-Oct-2011-03-Oct-2011-cond2-img0012.jpg,circle,blue,square,green,shape,color,3,2,1,circle,blue,solid,circle,blue,solid,circle,green,solid
http://langcog.stanford.edu/expts/simple_pragmatics/type1-03-Oct-2011-03-Oct-2011-cond2-img0013.jpg,blue,square,green,circle,color,shape,3,2,3,square,blue,solid,circle,blue,solid,square,blue,solid
http://langcog.stanford.edu/expts/simple_pragmatics/type1-03-Oct-2011-03-Oct-2011-cond2-img0014.jpg,striped,square,dotted,circle,pattern,shape,3,2,1,square,red,striped,circle,red,striped,square,red,striped
http://langcog.stanford.edu/expts/simple_pragmatics/type1-03-Oct-2011-03-Oct-2011-cond2-img0015.jpg,blue,square,green,circle,color,shape,3,2,1,square,blue,solid,square,blue,solid,circle,blue,solid
http://langcog.stanford.edu/expts/simple_pragmatics/type1-03-Oct-2011-03-Oct-2011-cond2-img0016.jpg,blue,striped,green,dotted,color,pattern,3,2,2,cloud,blue,striped,cloud,blue,striped,cloud,blue,dotted
http://langcog.stanford.edu/expts/simple_pragmatics/type1-03-Oct-2011-03-Oct-2011-cond2-img0017.jpg,circle,dotted,square,striped,shape,pattern,3,2,3,circle,red,dotted,circle,red,striped,circle,red,dotted
http://langcog.stanford.edu/expts/simple_pragmatics/type1-03-Oct-2011-03-Oct-2011-cond2-img0018.jpg,striped,square,dotted,circle,pattern,shape,3,2,3,circle,red,striped,square,red,striped,square,red,striped
http://langcog.stanford.edu/expts/simple_pragmatics/type1-03-Oct-2011-03-Oct-2011-cond2-img0019.jpg,square,striped,circle,dotted,shape,pattern,3,2,3,square,red,dotted,square,red,striped,square,red,striped
http://langcog.stanford.edu/expts/simple_pragmatics/type1-03-Oct-2011-03-Oct-2011-cond2-img0020.jpg,blue,square,green,circle,color,shape,3,2,1,square,blue,solid,circle,blue,solid,square,blue,solid
http://langcog.stanford.edu/expts/simple_pragmatics/type1-03-Oct-2011-03-Oct-2011-cond2-img0021.jpg,circle,dotted,square,striped,shape,pattern,3,2,3,circle,red,striped,circle,red,dotted,circle,red,dotted
http://langcog.stanford.edu/expts/simple_pragmatics/type1-03-Oct-2011-03-Oct-2011-cond2-img0022.jpg,striped,circle,dotted,square,pattern,shape,3,2,3,circle,red,striped,square,red,striped,circle,red,striped
http://langcog.stanford.edu/expts/simple_pragmatics/type1-03-Oct-2011-03-Oct-2011-cond2-img0023.jpg,circle,green,square,blue,shape,color,3,2,2,circle,green,solid,circle,green,solid,circle,blue,solid
http://langcog.stanford.edu/expts/simple_pragmatics/type1-03-Oct-2011-03-Oct-2011-cond2-img0024.jpg,striped,square,dotted,circle,pattern,shape,3,2,1,square,red,striped,square,red,striped,circle,red,striped
http://langcog.stanford.edu/expts/simple_pragmatics/type1-03-Oct-2011-03-Oct-2011-cond2-img0025.jpg,dotted,circle,striped,square,pattern,shape,3,2,2,square,red,dotted,circle,red,dotted,circle,red,dotted
http://langcog.stanford.edu/expts/simple_pragmatics/type1-03-Oct-2011-03-Oct-2011-cond2-img0026.jpg,dotted,circle,striped,square,pattern,shape,3,2,2,square,red,dotted,circle,red,dotted,circle,red,dotted
http://langcog.stanford.edu/expts/simple_pragmatics/type1-03-Oct-2011-03-Oct-2011-cond2-img0027.jpg,green,dotted,blue,striped,color,pattern,3,2,2,cloud,green,striped,cloud,green,dotted,cloud,green,dotted
http://langcog.stanford.edu/expts/simple_pragmatics/type1-03-Oct-2011-03-Oct-2011-cond2-img0028.jpg,green,square,blue,circle,color,shape,3,2,2,circle,green,solid,square,green,solid,square,green,solid
http://langcog.stanford.edu/expts/simple_pragmatics/type1-03-Oct-2011-03-Oct-2011-cond2-img0029.jpg,striped,square,dotted,circle,pattern,shape,3,2,3,circle,red,striped,square,red,striped,square,red,striped
http://langcog.stanford.edu/expts/simple_pragmatics/type1-03-Oct-2011-03-Oct-2011-cond2-img0030.jpg,green,striped,blue,dotted,color,pattern,3,2,1,cloud,green,striped,cloud,green,dotted,cloud,green,striped
http://langcog.stanford.edu/expts/simple_pragmatics/type1-03-Oct-2011-03-Oct-2011-cond2-img0031.jpg,striped,blue,dotted,green,pattern,color,3,2,3,cloud,green,striped,cloud,blue,striped,cloud,blue,striped
http://langcog.stanford.edu/expts/simple_pragmatics/type1-03-Oct-2011-03-Oct-2011-cond2-img0032.jpg,square,dotted,circle,striped,shape,pattern,3,2,2,square,red,striped,square,red,dotted,square,red,dotted
http://langcog.stanford.edu/expts/simple_pragmatics/type1-03-Oct-2011-03-Oct-2011-cond2-img0033.jpg,blue,circle,green,square,color,shape,3,2,3,circle,blue,solid,square,blue,solid,circle,blue,solid
http://langcog.stanford.edu/expts/simple_pragmatics/type1-03-Oct-2011-03-Oct-2011-cond2-img0034.jpg,square,dotted,circle,striped,shape,pattern,3,2,1,square,red,dotted,square,red,striped,square,red,dotted
http://langcog.stanford.edu/expts/simple_pragmatics/type1-03-Oct-2011-03-Oct-2011-cond2-img0035.jpg,green,circle,blue,square,color,shape,3,2,2,square,green,solid,circle,green,solid,circle,green,solid
http://langcog.stanford.edu/expts/simple_pragmatics/type1-03-Oct-2011-03-Oct-2011-cond2-img0036.jpg,circle,dotted,square,striped,shape,pattern,3,2,3,circle,red,dotted,circle,red,striped,circle,red,dotted
http://langcog.stanford.edu/expts/simple_pragmatics/type1-03-Oct-2011-03-Oct-2011-cond2-img0037.jpg,dotted,blue,striped,green,pattern,color,3,2,3,cloud,blue,dotted,cloud,green,dotted,cloud,blue,dotted
http://langcog.stanford.edu/expts/simple_pragmatics/type1-03-Oct-2011-03-Oct-2011-cond2-img0038.jpg,green,circle,blue,square,color,shape,3,2,3,square,green,solid,circle,green,solid,circle,green,solid
http://langcog.stanford.edu/expts/simple_pragmatics/type1-03-Oct-2011-03-Oct-2011-cond2-img0039.jpg,circle,dotted,square,striped,shape,pattern,3,2,1,circle,red,dotted,circle,red,striped,circle,red,dotted
http://langcog.stanford.edu/expts/simple_pragmatics/type1-03-Oct-2011-03-Oct-2011-cond2-img0040.jpg,circle,green,square,blue,shape,color,3,2,1,circle,green,solid,circle,green,solid,circle,blue,solid
http://langcog.stanford.edu/expts/simple_pragmatics/type1-03-Oct-2011-03-Oct-2011-cond2-img0041.jpg,striped,square,dotted,circle,pattern,shape,3,2,2,square,red,striped,square,red,striped,circle,red,striped
http://langcog.stanford.edu/expts/simple_pragmatics/type1-03-Oct-2011-03-Oct-2011-cond2-img0042.jpg,square,blue,circle,green,shape,color,3,2,1,square,blue,solid,square,green,solid,square,blue,solid
http://langcog.stanford.edu/expts/simple_pragmatics/type1-03-Oct-2011-03-Oct-2011-cond2-img0043.jpg,blue,circle,green,square,color,shape,3,2,3,square,blue,solid,circle,blue,solid,circle,blue,solid
http://langcog.stanford.edu/expts/simple_pragmatics/type1-03-Oct-2011-03-Oct-2011-cond2-img0044.jpg,circle,blue,square,green,shape,color,3,2,3,circle,blue,solid,circle,green,solid,circle,blue,solid
http://langcog.stanford.edu/expts/simple_pragmatics/type1-03-Oct-2011-03-Oct-2011-cond2-img0045.jpg,dotted,green,striped,blue,pattern,color,3,2,2,cloud,blue,dotted,cloud,green,dotted,cloud,green,dotted
http://langcog.stanford.edu/expts/simple_pragmatics/type1-03-Oct-2011-03-Oct-2011-cond2-img0046.jpg,striped,blue,dotted,green,pattern,color,3,2,3,cloud,blue,striped,cloud,green,striped,cloud,blue,striped
http://langcog.stanford.edu/expts/simple_pragmatics/type1-03-Oct-2011-03-Oct-2011-cond2-img0047.jpg,dotted,circle,striped,square,pattern,shape,3,2,1,circle,red,dotted,circle,red,dotted,square,red,dotted
http://langcog.stanford.edu/expts/simple_pragmatics/type1-03-Oct-2011-03-Oct-2011-cond2-img0048.jpg,circle,dotted,square,striped,shape,pattern,3,2,2,circle,red,striped,circle,red,dotted,circle,red,dotted
http://langcog.stanford.edu/expts/simple_pragmatics/type1-03-Oct-2011-03-Oct-2011-cond2-img0049.jpg,green,square,blue,circle,color,shape,3,2,2,square,green,solid,square,green,solid,circle,green,solid
http://langcog.stanford.edu/expts/simple_pragmatics/type1-03-Oct-2011-03-Oct-2011-cond2-img0050.jpg,green,striped,blue,dotted,color,pattern,3,2,1,cloud,green,striped,cloud,green,striped,cloud,green,dotted
http://langcog.stanford.edu/expts/simple_pragmatics/type1-03-Oct-2011-03-Oct-2011-cond3-img0001.jpg,striped,circle,dotted,square,pattern,shape,3,1,2,square,red,striped,circle,red,striped,square,red,striped
http://langcog.stanford.edu/expts/simple_pragmatics/type1-03-Oct-2011-03-Oct-2011-cond3-img0002.jpg,square,striped,circle,dotted,shape,pattern,3,1,3,square,red,dotted,square,red,dotted,square,red,striped
http://langcog.stanford.edu/expts/simple_pragmatics/type1-03-Oct-2011-03-Oct-2011-cond3-img0003.jpg,square,green,circle,blue,shape,color,3,1,2,square,blue,solid,square,green,solid,square,blue,solid
http://langcog.stanford.edu/expts/simple_pragmatics/type1-03-Oct-2011-03-Oct-2011-cond3-img0004.jpg,striped,green,dotted,blue,pattern,color,3,1,1,cloud,green,striped,cloud,blue,striped,cloud,blue,striped
http://langcog.stanford.edu/expts/simple_pragmatics/type1-03-Oct-2011-03-Oct-2011-cond3-img0005.jpg,blue,striped,green,dotted,color,pattern,3,1,1,cloud,blue,striped,cloud,blue,dotted,cloud,blue,dotted
http://langcog.stanford.edu/expts/simple_pragmatics/type1-03-Oct-2011-03-Oct-2011-cond3-img0006.jpg,dotted,circle,striped,square,pattern,shape,3,1,2,square,red,dotted,circle,red,dotted,square,red,dotted
http://langcog.stanford.edu/expts/simple_pragmatics/type1-03-Oct-2011-03-Oct-2011-cond3-img0007.jpg,square,blue,circle,green,shape,color,3,1,1,square,blue,solid,square,green,solid,square,green,solid
http://langcog.stanford.edu/expts/simple_pragmatics/type1-03-Oct-2011-03-Oct-2011-cond3-img0008.jpg,square,striped,circle,dotted,shape,pattern,3,1,3,square,red,dotted,square,red,dotted,square,red,striped
http://langcog.stanford.edu/expts/simple_pragmatics/type1-03-Oct-2011-03-Oct-2011-cond3-img0009.jpg,blue,striped,green,dotted,color,pattern,3,1,3,cloud,blue,dotted,cloud,blue,dotted,cloud,blue,striped
http://langcog.stanford.edu/expts/simple_pragmatics/type1-03-Oct-2011-03-Oct-2011-cond3-img0010.jpg,square,blue,circle,green,shape,color,3,1,2,square,green,solid,square,blue,solid,square,green,solid
http://langcog.stanford.edu/expts/simple_pragmatics/type1-03-Oct-2011-03-Oct-2011-cond3-img0011.jpg,square,green,circle,blue,shape,color,3,1,1,square,green,solid,square,blue,solid,square,blue,solid
http://langcog.stanford.edu/expts/simple_pragmatics/type1-03-Oct-2011-03-Oct-2011-cond3-img0012.jpg,blue,striped,green,dotted,color,pattern,3,1,3,cloud,blue,dotted,cloud,blue,dotted,cloud,blue,striped
http://langcog.stanford.edu/expts/simple_pragmatics/type1-03-Oct-2011-03-Oct-2011-cond3-img0013.jpg,circle,dotted,square,striped,shape,pattern,3,1,1,circle,red,dotted,circle,red,striped,circle,red,striped
http://langcog.stanford.edu/expts/simple_pragmatics/type1-03-Oct-2011-03-Oct-2011-cond3-img0014.jpg,circle,blue,square,green,shape,color,3,1,1,circle,blue,solid,circle,green,solid,circle,green,solid
http://langcog.stanford.edu/expts/simple_pragmatics/type1-03-Oct-2011-03-Oct-2011-cond3-img0015.jpg,striped,square,dotted,circle,pattern,shape,3,1,3,circle,red,striped,circle,red,striped,square,red,striped
http://langcog.stanford.edu/expts/simple_pragmatics/type1-03-Oct-2011-03-Oct-2011-cond3-img0016.jpg,green,dotted,blue,striped,color,pattern,3,1,1,cloud,green,dotted,cloud,green,striped,cloud,green,striped
http://langcog.stanford.edu/expts/simple_pragmatics/type1-03-Oct-2011-03-Oct-2011-cond3-img0017.jpg,striped,circle,dotted,square,pattern,shape,3,1,1,circle,red,striped,square,red,striped,square,red,striped
http://langcog.stanford.edu/expts/simple_pragmatics/type1-03-Oct-2011-03-Oct-2011-cond3-img0018.jpg,blue,circle,green,square,color,shape,3,1,3,square,blue,solid,square,blue,solid,circle,blue,solid
http://langcog.stanford.edu/expts/simple_pragmatics/type1-03-Oct-2011-03-Oct-2011-cond3-img0019.jpg,striped,square,dotted,circle,pattern,shape,3,1,3,circle,red,striped,circle,red,striped,square,red,striped
http://langcog.stanford.edu/expts/simple_pragmatics/type1-03-Oct-2011-03-Oct-2011-cond3-img0020.jpg,striped,green,dotted,blue,pattern,color,3,1,3,cloud,blue,striped,cloud,blue,striped,cloud,green,striped
http://langcog.stanford.edu/expts/simple_pragmatics/type1-03-Oct-2011-03-Oct-2011-cond3-img0021.jpg,square,blue,circle,green,shape,color,3,1,2,square,green,solid,square,blue,solid,square,green,solid
http://langcog.stanford.edu/expts/simple_pragmatics/type1-03-Oct-2011-03-Oct-2011-cond3-img0022.jpg,dotted,circle,striped,square,pattern,shape,3,1,1,circle,red,dotted,square,red,dotted,square,red,dotted
http://langcog.stanford.edu/expts/simple_pragmatics/type1-03-Oct-2011-03-Oct-2011-cond3-img0023.jpg,striped,circle,dotted,square,pattern,shape,3,1,3,square,red,striped,square,red,striped,circle,red,striped
http://langcog.stanford.edu/expts/simple_pragmatics/type1-03-Oct-2011-03-Oct-2011-cond3-img0024.jpg,blue,dotted,green,striped,color,pattern,3,1,1,cloud,blue,dotted,cloud,blue,striped,cloud,blue,striped
http://langcog.stanford.edu/expts/simple_pragmatics/type1-03-Oct-2011-03-Oct-2011-cond3-img0025.jpg,green,square,blue,circle,color,shape,3,1,1,square,green,solid,circle,green,solid,circle,green,solid
http://langcog.stanford.edu/expts/simple_pragmatics/type1-03-Oct-2011-03-Oct-2011-cond3-img0026.jpg,blue,circle,green,square,color,shape,3,1,2,square,blue,solid,circle,blue,solid,square,blue,solid
http://langcog.stanford.edu/expts/simple_pragmatics/type1-03-Oct-2011-03-Oct-2011-cond3-img0027.jpg,square,dotted,circle,striped,shape,pattern,3,1,1,square,red,dotted,square,red,striped,square,red,striped
http://langcog.stanford.edu/expts/simple_pragmatics/type1-03-Oct-2011-03-Oct-2011-cond3-img0028.jpg,blue,dotted,green,striped,color,pattern,3,1,2,cloud,blue,striped,cloud,blue,dotted,cloud,blue,striped
http://langcog.stanford.edu/expts/simple_pragmatics/type1-03-Oct-2011-03-Oct-2011-cond3-img0029.jpg,striped,blue,dotted,green,pattern,color,3,1,1,cloud,blue,striped,cloud,green,striped,cloud,green,striped
http://langcog.stanford.edu/expts/simple_pragmatics/type1-03-Oct-2011-03-Oct-2011-cond3-img0030.jpg,square,blue,circle,green,shape,color,3,1,3,square,green,solid,square,green,solid,square,blue,solid
http://langcog.stanford.edu/expts/simple_pragmatics/type1-03-Oct-2011-03-Oct-2011-cond3-img0031.jpg,circle,striped,square,dotted,shape,pattern,3,1,3,circle,red,dotted,circle,red,dotted,circle,red,striped
http://langcog.stanford.edu/expts/simple_pragmatics/type1-03-Oct-2011-03-Oct-2011-cond3-img0032.jpg,green,circle,blue,square,color,shape,3,1,3,square,green,solid,square,green,solid,circle,green,solid
http://langcog.stanford.edu/expts/simple_pragmatics/type1-03-Oct-2011-03-Oct-2011-cond3-img0033.jpg,circle,dotted,square,striped,shape,pattern,3,1,2,circle,red,striped,circle,red,dotted,circle,red,striped
http://langcog.stanford.edu/expts/simple_pragmatics/type1-03-Oct-2011-03-Oct-2011-cond3-img0034.jpg,dotted,square,striped,circle,pattern,shape,3,1,2,circle,red,dotted,square,red,dotted,circle,red,dotted
http://langcog.stanford.edu/expts/simple_pragmatics/type1-03-Oct-2011-03-Oct-2011-cond3-img0035.jpg,blue,dotted,green,striped,color,pattern,3,1,2,cloud,blue,striped,cloud,blue,dotted,cloud,blue,striped
http://langcog.stanford.edu/expts/simple_pragmatics/type1-03-Oct-2011-03-Oct-2011-cond3-img0036.jpg,dotted,square,striped,circle,pattern,shape,3,1,1,square,red,dotted,circle,red,dotted,circle,red,dotted
http://langcog.stanford.edu/expts/simple_pragmatics/type1-03-Oct-2011-03-Oct-2011-cond3-img0037.jpg,square,blue,circle,green,shape,color,3,1,1,square,blue,solid,square,green,solid,square,green,solid
http://langcog.stanford.edu/expts/simple_pragmatics/type1-03-Oct-2011-03-Oct-2011-cond3-img0038.jpg,blue,circle,green,square,color,shape,3,1,3,square,blue,solid,square,blue,solid,circle,blue,solid
http://langcog.stanford.edu/expts/simple_pragmatics/type1-03-Oct-2011-03-Oct-2011-cond3-img0039.jpg,blue,striped,green,dotted,color,pattern,3,1,1,cloud,blue,striped,cloud,blue,dotted,cloud,blue,dotted
http://langcog.stanford.edu/expts/simple_pragmatics/type1-03-Oct-2011-03-Oct-2011-cond3-img0040.jpg,circle,green,square,blue,shape,color,3,1,1,circle,green,solid,circle,blue,solid,circle,blue,solid
http://langcog.stanford.edu/expts/simple_pragmatics/type1-03-Oct-2011-03-Oct-2011-cond3-img0041.jpg,striped,blue,dotted,green,pattern,color,3,1,1,cloud,blue,striped,cloud,green,striped,cloud,green,striped
http://langcog.stanford.edu/expts/simple_pragmatics/type1-03-Oct-2011-03-Oct-2011-cond3-img0042.jpg,green,striped,blue,dotted,color,pattern,3,1,2,cloud,green,dotted,cloud,green,striped,cloud,green,dotted
http://langcog.stanford.edu/expts/simple_pragmatics/type1-03-Oct-2011-03-Oct-2011-cond3-img0043.jpg,green,dotted,blue,striped,color,pattern,3,1,2,cloud,green,striped,cloud,green,dotted,cloud,green,striped
http://langcog.stanford.edu/expts/simple_pragmatics/type1-03-Oct-2011-03-Oct-2011-cond3-img0044.jpg,striped,circle,dotted,square,pattern,shape,3,1,3,square,red,striped,square,red,striped,circle,red,striped
http://langcog.stanford.edu/expts/simple_pragmatics/type1-03-Oct-2011-03-Oct-2011-cond3-img0045.jpg,blue,dotted,green,striped,color,pattern,3,1,3,cloud,blue,striped,cloud,blue,striped,cloud,blue,dotted
http://langcog.stanford.edu/expts/simple_pragmatics/type1-03-Oct-2011-03-Oct-2011-cond3-img0046.jpg,green,square,blue,circle,color,shape,3,1,1,square,green,solid,circle,green,solid,circle,green,solid
http://langcog.stanford.edu/expts/simple_pragmatics/type1-03-Oct-2011-03-Oct-2011-cond3-img0047.jpg,square,dotted,circle,striped,shape,pattern,3,1,2,square,red,striped,square,red,dotted,square,red,striped
http://langcog.stanford.edu/expts/simple_pragmatics/type1-03-Oct-2011-03-Oct-2011-cond3-img0048.jpg,blue,dotted,green,striped,color,pattern,3,1,2,cloud,blue,striped,cloud,blue,dotted,cloud,blue,striped
http://langcog.stanford.edu/expts/simple_pragmatics/type1-03-Oct-2011-03-Oct-2011-cond3-img0049.jpg,square,dotted,circle,striped,shape,pattern,3,1,3,square,red,striped,square,red,striped,square,red,dotted
http://langcog.stanford.edu/expts/simple_pragmatics/type1-03-Oct-2011-03-Oct-2011-cond3-img0050.jpg,dotted,green,striped,blue,pattern,color,3,1,2,cloud,blue,dotted,cloud,green,dotted,cloud,blue,dotted
http://langcog.stanford.edu/expts/simple_pragmatics/type1-03-Oct-2011-03-Oct-2011-cond4-img0001.jpg,green,dotted,blue,striped,color,pattern,2,2,2,cloud,blue,striped,cloud,green,dotted,cloud,green,dotted
http://langcog.stanford.edu/expts/simple_pragmatics/type1-03-Oct-2011-03-Oct-2011-cond4-img0002.jpg,dotted,green,striped,blue,pattern,color,2,2,2,cloud,green,striped,cloud,green,dotted,cloud,blue,dotted
http://langcog.stanford.edu/expts/simple_pragmatics/type1-03-Oct-2011-03-Oct-2011-cond4-img0003.jpg,square,dotted,circle,striped,shape,pattern,2,2,2,square,red,dotted,square,red,dotted,circle,red,striped
http://langcog.stanford.edu/expts/simple_pragmatics/type1-03-Oct-2011-03-Oct-2011-cond4-img0004.jpg,circle,striped,square,dotted,shape,pattern,2,2,2,square,red,striped,circle,red,striped,circle,red,dotted
http://langcog.stanford.edu/expts/simple_pragmatics/type1-03-Oct-2011-03-Oct-2011-cond4-img0005.jpg,blue,circle,green,square,color,shape,2,2,2,square,green,solid,circle,blue,solid,circle,blue,solid
http://langcog.stanford.edu/expts/simple_pragmatics/type1-03-Oct-2011-03-Oct-2011-cond4-img0006.jpg,green,circle,blue,square,color,shape,2,2,3,circle,green,solid,square,blue,solid,circle,green,solid
http://langcog.stanford.edu/expts/simple_pragmatics/type1-03-Oct-2011-03-Oct-2011-cond4-img0007.jpg,dotted,square,striped,circle,pattern,shape,2,2,2,square,red,striped,square,red,dotted,circle,red,dotted
http://langcog.stanford.edu/expts/simple_pragmatics/type1-03-Oct-2011-03-Oct-2011-cond4-img0008.jpg,square,green,circle,blue,shape,color,2,2,3,square,blue,solid,circle,green,solid,square,green,solid
http://langcog.stanford.edu/expts/simple_pragmatics/type1-03-Oct-2011-03-Oct-2011-cond4-img0009.jpg,square,striped,circle,dotted,shape,pattern,2,2,3,circle,red,dotted,square,red,striped,square,red,striped
http://langcog.stanford.edu/expts/simple_pragmatics/type1-03-Oct-2011-03-Oct-2011-cond4-img0010.jpg,dotted,green,striped,blue,pattern,color,2,2,2,cloud,green,striped,cloud,green,dotted,cloud,blue,dotted
http://langcog.stanford.edu/expts/simple_pragmatics/type1-03-Oct-2011-03-Oct-2011-cond4-img0011.jpg,blue,square,green,circle,color,shape,2,2,3,square,green,solid,circle,blue,solid,square,blue,solid
http://langcog.stanford.edu/expts/simple_pragmatics/type1-03-Oct-2011-03-Oct-2011-cond4-img0012.jpg,striped,square,dotted,circle,pattern,shape,2,2,1,square,red,striped,circle,red,dotted,square,red,striped
http://langcog.stanford.edu/expts/simple_pragmatics/type1-03-Oct-2011-03-Oct-2011-cond4-img0013.jpg,dotted,square,striped,circle,pattern,shape,2,2,1,square,red,dotted,circle,red,striped,square,red,dotted
http://langcog.stanford.edu/expts/simple_pragmatics/type1-03-Oct-2011-03-Oct-2011-cond4-img0014.jpg,striped,green,dotted,blue,pattern,color,2,2,3,cloud,green,striped,cloud,blue,dotted,cloud,green,striped
http://langcog.stanford.edu/expts/simple_pragmatics/type1-03-Oct-2011-03-Oct-2011-cond4-img0015.jpg,dotted,circle,striped,square,pattern,shape,2,2,1,circle,red,dotted,circle,red,striped,square,red,dotted
http://langcog.stanford.edu/expts/simple_pragmatics/type1-03-Oct-2011-03-Oct-2011-cond4-img0016.jpg,dotted,square,striped,circle,pattern,shape,2,2,2,circle,red,striped,square,red,dotted,square,red,dotted
http://langcog.stanford.edu/expts/simple_pragmatics/type1-03-Oct-2011-03-Oct-2011-cond4-img0017.jpg,green,square,blue,circle,color,shape,2,2,1,square,green,solid,square,green,solid,circle,blue,solid
http://langcog.stanford.edu/expts/simple_pragmatics/type1-03-Oct-2011-03-Oct-2011-cond4-img0018.jpg,green,dotted,blue,striped,color,pattern,2,2,2,cloud,green,dotted,cloud,green,dotted,cloud,blue,striped
http://langcog.stanford.edu/expts/simple_pragmatics/type1-03-Oct-2011-03-Oct-2011-cond4-img0019.jpg,square,striped,circle,dotted,shape,pattern,2,2,3,circle,red,striped,square,red,dotted,square,red,striped
http://langcog.stanford.edu/expts/simple_pragmatics/type1-03-Oct-2011-03-Oct-2011-cond4-img0020.jpg,green,striped,blue,dotted,color,pattern,2,2,1,cloud,green,striped,cloud,blue,dotted,cloud,green,striped
http://langcog.stanford.edu/expts/simple_pragmatics/type1-03-Oct-2011-03-Oct-2011-cond4-img0021.jpg,green,circle,blue,square,color,shape,2,2,1,circle,green,solid,circle,green,solid,square,blue,solid
http://langcog.stanford.edu/expts/simple_pragmatics/type1-03-Oct-2011-03-Oct-2011-cond4-img0022.jpg,blue,dotted,green,striped,color,pattern,2,2,2,cloud,blue,striped,cloud,blue,dotted,cloud,green,dotted
http://langcog.stanford.edu/expts/simple_pragmatics/type1-03-Oct-2011-03-Oct-2011-cond4-img0023.jpg,square,green,circle,blue,shape,color,2,2,1,square,green,solid,square,green,solid,circle,blue,solid
http://langcog.stanford.edu/expts/simple_pragmatics/type1-03-Oct-2011-03-Oct-2011-cond4-img0024.jpg,striped,green,dotted,blue,pattern,color,2,2,1,cloud,green,striped,cloud,green,striped,cloud,blue,dotted
http://langcog.stanford.edu/expts/simple_pragmatics/type1-03-Oct-2011-03-Oct-2011-cond4-img0025.jpg,blue,circle,green,square,color,shape,2,2,3,square,blue,solid,circle,green,solid,circle,blue,solid
http://langcog.stanford.edu/expts/simple_pragmatics/type1-03-Oct-2011-03-Oct-2011-cond4-img0026.jpg,dotted,blue,striped,green,pattern,color,2,2,2,cloud,green,striped,cloud,blue,dotted,cloud,blue,dotted
http://langcog.stanford.edu/expts/simple_pragmatics/type1-03-Oct-2011-03-Oct-2011-cond4-img0027.jpg,dotted,blue,striped,green,pattern,color,2,2,1,cloud,blue,dotted,cloud,blue,striped,cloud,green,dotted
http://langcog.stanford.edu/expts/simple_pragmatics/type1-03-Oct-2011-03-Oct-2011-cond4-img0028.jpg,square,green,circle,blue,shape,color,2,2,2,circle,blue,solid,square,green,solid,square,green,solid
http://langcog.stanford.edu/expts/simple_pragmatics/type1-03-Oct-2011-03-Oct-2011-cond4-img0029.jpg,green,circle,blue,square,color,shape,2,2,1,circle,green,solid,square,green,solid,circle,blue,solid
http://langcog.stanford.edu/expts/simple_pragmatics/type1-03-Oct-2011-03-Oct-2011-cond4-img0030.jpg,blue,striped,green,dotted,color,pattern,2,2,3,cloud,blue,dotted,cloud,green,striped,cloud,blue,striped
http://langcog.stanford.edu/expts/simple_pragmatics/type1-03-Oct-2011-03-Oct-2011-cond4-img0031.jpg,circle,blue,square,green,shape,color,2,2,3,square,green,solid,circle,blue,solid,circle,blue,solid
http://langcog.stanford.edu/expts/simple_pragmatics/type1-03-Oct-2011-03-Oct-2011-cond4-img0032.jpg,square,striped,circle,dotted,shape,pattern,2,2,3,square,red,striped,circle,red,dotted,square,red,striped
http://langcog.stanford.edu/expts/simple_pragmatics/type1-03-Oct-2011-03-Oct-2011-cond4-img0033.jpg,green,circle,blue,square,color,shape,2,2,2,square,green,solid,circle,green,solid,circle,blue,solid
http://langcog.stanford.edu/expts/simple_pragmatics/type1-03-Oct-2011-03-Oct-2011-cond4-img0034.jpg,striped,square,dotted,circle,pattern,shape,2,2,3,circle,red,striped,square,red,dotted,square,red,striped
http://langcog.stanford.edu/expts/simple_pragmatics/type1-03-Oct-2011-03-Oct-2011-cond4-img0035.jpg,blue,circle,green,square,color,shape,2,2,3,circle,blue,solid,square,green,solid,circle,blue,solid
http://langcog.stanford.edu/expts/simple_pragmatics/type1-03-Oct-2011-03-Oct-2011-cond4-img0036.jpg,dotted,circle,striped,square,pattern,shape,2,2,2,circle,red,striped,circle,red,dotted,square,red,dotted
http://langcog.stanford.edu/expts/simple_pragmatics/type1-03-Oct-2011-03-Oct-2011-cond4-img0037.jpg,circle,striped,square,dotted,shape,pattern,2,2,3,square,red,dotted,circle,red,striped,circle,red,striped
http://langcog.stanford.edu/expts/simple_pragmatics/type1-03-Oct-2011-03-Oct-2011-cond4-img0038.jpg,striped,green,dotted,blue,pattern,color,2,2,2,cloud,blue,dotted,cloud,green,striped,cloud,green,striped
http://langcog.stanford.edu/expts/simple_pragmatics/type1-03-Oct-2011-03-Oct-2011-cond4-img0039.jpg,blue,circle,green,square,color,shape,2,2,2,circle,green,solid,circle,blue,solid,square,blue,solid
http://langcog.stanford.edu/expts/simple_pragmatics/type1-03-Oct-2011-03-Oct-2011-cond4-img0040.jpg,blue,square,green,circle,color,shape,2,2,1,square,blue,solid,circle,blue,solid,square,green,solid
http://langcog.stanford.edu/expts/simple_pragmatics/type1-03-Oct-2011-03-Oct-2011-cond4-img0041.jpg,square,striped,circle,dotted,shape,pattern,2,2,2,circle,red,dotted,square,red,striped,square,red,striped
http://langcog.stanford.edu/expts/simple_pragmatics/type1-03-Oct-2011-03-Oct-2011-cond4-img0042.jpg,striped,blue,dotted,green,pattern,color,2,2,2,cloud,blue,dotted,cloud,blue,striped,cloud,green,striped
http://langcog.stanford.edu/expts/simple_pragmatics/type1-03-Oct-2011-03-Oct-2011-cond4-img0043.jpg,blue,square,green,circle,color,shape,2,2,3,square,blue,solid,circle,green,solid,square,blue,solid
http://langcog.stanford.edu/expts/simple_pragmatics/type1-03-Oct-2011-03-Oct-2011-cond4-img0044.jpg,striped,blue,dotted,green,pattern,color,2,2,1,cloud,blue,striped,cloud,green,dotted,cloud,blue,striped
http://langcog.stanford.edu/expts/simple_pragmatics/type1-03-Oct-2011-03-Oct-2011-cond4-img0045.jpg,green,circle,blue,square,color,shape,2,2,1,circle,green,solid,square,blue,solid,circle,green,solid
http://langcog.stanford.edu/expts/simple_pragmatics/type1-03-Oct-2011-03-Oct-2011-cond4-img0046.jpg,circle,dotted,square,striped,shape,pattern,2,2,1,circle,red,dotted,circle,red,striped,square,red,dotted
http://langcog.stanford.edu/expts/simple_pragmatics/type1-03-Oct-2011-03-Oct-2011-cond4-img0047.jpg,square,striped,circle,dotted,shape,pattern,2,2,3,square,red,striped,circle,red,dotted,square,red,striped
http://langcog.stanford.edu/expts/simple_pragmatics/type1-03-Oct-2011-03-Oct-2011-cond4-img0048.jpg,square,blue,circle,green,shape,color,2,2,1,square,blue,solid,circle,blue,solid,square,green,solid
http://langcog.stanford.edu/expts/simple_pragmatics/type1-03-Oct-2011-03-Oct-2011-cond4-img0049.jpg,striped,blue,dotted,green,pattern,color,2,2,3,cloud,green,striped,cloud,blue,dotted,cloud,blue,striped
http://langcog.stanford.edu/expts/simple_pragmatics/type1-03-Oct-2011-03-Oct-2011-cond4-img0050.jpg,dotted,blue,striped,green,pattern,color,2,2,1,cloud,blue,dotted,cloud,blue,dotted,cloud,green,striped
http://langcog.stanford.edu/expts/simple_pragmatics/type1-03-Oct-2011-03-Oct-2011-cond5-img0001.jpg,blue,square,green,circle,color,shape,2,1,1,square,blue,solid,circle,green,solid,circle,blue,solid
http://langcog.stanford.edu/expts/simple_pragmatics/type1-03-Oct-2011-03-Oct-2011-cond5-img0002.jpg,dotted,circle,striped,square,pattern,shape,2,1,1,circle,red,dotted,square,red,striped,square,red,dotted
http://langcog.stanford.edu/expts/simple_pragmatics/type1-03-Oct-2011-03-Oct-2011-cond5-img0003.jpg,green,dotted,blue,striped,color,pattern,2,1,2,cloud,green,striped,cloud,green,dotted,cloud,blue,striped
http://langcog.stanford.edu/expts/simple_pragmatics/type1-03-Oct-2011-03-Oct-2011-cond5-img0004.jpg,green,striped,blue,dotted,color,pattern,2,1,1,cloud,green,striped,cloud,blue,dotted,cloud,green,dotted
http://langcog.stanford.edu/expts/simple_pragmatics/type1-03-Oct-2011-03-Oct-2011-cond5-img0005.jpg,green,striped,blue,dotted,color,pattern,2,1,1,cloud,green,striped,cloud,blue,dotted,cloud,green,dotted
http://langcog.stanford.edu/expts/simple_pragmatics/type1-03-Oct-2011-03-Oct-2011-cond5-img0006.jpg,circle,blue,square,green,shape,color,2,1,2,circle,green,solid,circle,blue,solid,square,green,solid
http://langcog.stanford.edu/expts/simple_pragmatics/type1-03-Oct-2011-03-Oct-2011-cond5-img0007.jpg,striped,blue,dotted,green,pattern,color,2,1,3,cloud,green,dotted,cloud,green,striped,cloud,blue,striped
http://langcog.stanford.edu/expts/simple_pragmatics/type1-03-Oct-2011-03-Oct-2011-cond5-img0008.jpg,dotted,square,striped,circle,pattern,shape,2,1,3,circle,red,striped,circle,red,dotted,square,red,dotted
http://langcog.stanford.edu/expts/simple_pragmatics/type1-03-Oct-2011-03-Oct-2011-cond5-img0009.jpg,square,blue,circle,green,shape,color,2,1,1,square,blue,solid,circle,green,solid,square,green,solid
http://langcog.stanford.edu/expts/simple_pragmatics/type1-03-Oct-2011-03-Oct-2011-cond5-img0010.jpg,circle,blue,square,green,shape,color,2,1,2,circle,green,solid,circle,blue,solid,square,green,solid
http://langcog.stanford.edu/expts/simple_pragmatics/type1-03-Oct-2011-03-Oct-2011-cond5-img0011.jpg,green,circle,blue,square,color,shape,2,1,1,circle,green,solid,square,green,solid,square,blue,solid
http://langcog.stanford.edu/expts/simple_pragmatics/type1-03-Oct-2011-03-Oct-2011-cond5-img0012.jpg,dotted,square,striped,circle,pattern,shape,2,1,3,circle,red,dotted,circle,red,striped,square,red,dotted
http://langcog.stanford.edu/expts/simple_pragmatics/type1-03-Oct-2011-03-Oct-2011-cond5-img0013.jpg,circle,green,square,blue,shape,color,2,1,3,circle,blue,solid,square,blue,solid,circle,green,solid
http://langcog.stanford.edu/expts/simple_pragmatics/type1-03-Oct-2011-03-Oct-2011-cond5-img0014.jpg,dotted,green,striped,blue,pattern,color,2,1,2,cloud,blue,dotted,cloud,green,dotted,cloud,blue,striped
http://langcog.stanford.edu/expts/simple_pragmatics/type1-03-Oct-2011-03-Oct-2011-cond5-img0015.jpg,circle,striped,square,dotted,shape,pattern,2,1,3,square,red,dotted,circle,red,dotted,circle,red,striped
http://langcog.stanford.edu/expts/simple_pragmatics/type1-03-Oct-2011-03-Oct-2011-cond5-img0016.jpg,green,square,blue,circle,color,shape,2,1,2,circle,blue,solid,square,green,solid,circle,green,solid
http://langcog.stanford.edu/expts/simple_pragmatics/type1-03-Oct-2011-03-Oct-2011-cond5-img0017.jpg,square,blue,circle,green,shape,color,2,1,1,square,blue,solid,square,green,solid,circle,green,solid
http://langcog.stanford.edu/expts/simple_pragmatics/type1-03-Oct-2011-03-Oct-2011-cond5-img0018.jpg,green,circle,blue,square,color,shape,2,1,3,square,blue,solid,square,green,solid,circle,green,solid
http://langcog.stanford.edu/expts/simple_pragmatics/type1-03-Oct-2011-03-Oct-2011-cond5-img0019.jpg,green,square,blue,circle,color,shape,2,1,2,circle,green,solid,square,green,solid,circle,blue,solid
http://langcog.stanford.edu/expts/simple_pragmatics/type1-03-Oct-2011-03-Oct-2011-cond5-img0020.jpg,green,square,blue,circle,color,shape,2,1,3,circle,blue,solid,circle,green,solid,square,green,solid
http://langcog.stanford.edu/expts/simple_pragmatics/type1-03-Oct-2011-03-Oct-2011-cond5-img0021.jpg,green,circle,blue,square,color,shape,2,1,1,circle,green,solid,square,blue,solid,square,green,solid
http://langcog.stanford.edu/expts/simple_pragmatics/type1-03-Oct-2011-03-Oct-2011-cond5-img0022.jpg,square,green,circle,blue,shape,color,2,1,2,square,blue,solid,square,green,solid,circle,blue,solid
http://langcog.stanford.edu/expts/simple_pragmatics/type1-03-Oct-2011-03-Oct-2011-cond5-img0023.jpg,circle,dotted,square,striped,shape,pattern,2,1,2,square,red,striped,circle,red,dotted,circle,red,striped
http://langcog.stanford.edu/expts/simple_pragmatics/type1-03-Oct-2011-03-Oct-2011-cond5-img0024.jpg,dotted,square,striped,circle,pattern,shape,2,1,3,circle,red,striped,circle,red,dotted,square,red,dotted
http://langcog.stanford.edu/expts/simple_pragmatics/type1-03-Oct-2011-03-Oct-2011-cond5-img0025.jpg,green,striped,blue,dotted,color,pattern,2,1,3,cloud,blue,dotted,cloud,green,dotted,cloud,green,striped
http://langcog.stanford.edu/expts/simple_pragmatics/type1-03-Oct-2011-03-Oct-2011-cond5-img0026.jpg,blue,striped,green,dotted,color,pattern,2,1,2,cloud,blue,dotted,cloud,blue,striped,cloud,green,dotted
http://langcog.stanford.edu/expts/simple_pragmatics/type1-03-Oct-2011-03-Oct-2011-cond5-img0027.jpg,green,square,blue,circle,color,shape,2,1,3,circle,green,solid,circle,blue,solid,square,green,solid
http://langcog.stanford.edu/expts/simple_pragmatics/type1-03-Oct-2011-03-Oct-2011-cond5-img0028.jpg,striped,circle,dotted,square,pattern,shape,2,1,2,square,red,dotted,circle,red,striped,square,red,striped
http://langcog.stanford.edu/expts/simple_pragmatics/type1-03-Oct-2011-03-Oct-2011-cond5-img0029.jpg,blue,square,green,circle,color,shape,2,1,3,circle,blue,solid,circle,green,solid,square,blue,solid
http://langcog.stanford.edu/expts/simple_pragmatics/type1-03-Oct-2011-03-Oct-2011-cond5-img0030.jpg,striped,green,dotted,blue,pattern,color,2,1,2,cloud,blue,dotted,cloud,green,striped,cloud,blue,striped
http://langcog.stanford.edu/expts/simple_pragmatics/type1-03-Oct-2011-03-Oct-2011-cond5-img0031.jpg,striped,square,dotted,circle,pattern,shape,2,1,1,square,red,striped,circle,red,striped,circle,red,dotted
http://langcog.stanford.edu/expts/simple_pragmatics/type1-03-Oct-2011-03-Oct-2011-cond5-img0032.jpg,circle,striped,square,dotted,shape,pattern,2,1,1,circle,red,striped,circle,red,dotted,square,red,dotted
http://langcog.stanford.edu/expts/simple_pragmatics/type1-03-Oct-2011-03-Oct-2011-cond5-img0033.jpg,square,dotted,circle,striped,shape,pattern,2,1,3,circle,red,striped,square,red,striped,square,red,dotted
http://langcog.stanford.edu/expts/simple_pragmatics/type1-03-Oct-2011-03-Oct-2011-cond5-img0034.jpg,square,striped,circle,dotted,shape,pattern,2,1,2,square,red,dotted,square,red,striped,circle,red,dotted
http://langcog.stanford.edu/expts/simple_pragmatics/type1-03-Oct-2011-03-Oct-2011-cond5-img0035.jpg,blue,dotted,green,striped,color,pattern,2,1,3,cloud,green,striped,cloud,blue,striped,cloud,blue,dotted
http://langcog.stanford.edu/expts/simple_pragmatics/type1-03-Oct-2011-03-Oct-2011-cond5-img0036.jpg,square,dotted,circle,striped,shape,pattern,2,1,2,circle,red,striped,square,red,dotted,square,red,striped
http://langcog.stanford.edu/expts/simple_pragmatics/type1-03-Oct-2011-03-Oct-2011-cond5-img0037.jpg,circle,striped,square,dotted,shape,pattern,2,1,2,circle,red,dotted,circle,red,striped,square,red,dotted
http://langcog.stanford.edu/expts/simple_pragmatics/type1-03-Oct-2011-03-Oct-2011-cond5-img0038.jpg,circle,blue,square,green,shape,color,2,1,3,circle,green,solid,square,green,solid,circle,blue,solid
http://langcog.stanford.edu/expts/simple_pragmatics/type1-03-Oct-2011-03-Oct-2011-cond5-img0039.jpg,blue,striped,green,dotted,color,pattern,2,1,3,cloud,blue,dotted,cloud,green,dotted,cloud,blue,striped
http://langcog.stanford.edu/expts/simple_pragmatics/type1-03-Oct-2011-03-Oct-2011-cond5-img0040.jpg,dotted,circle,striped,square,pattern,shape,2,1,3,square,red,striped,square,red,dotted,circle,red,dotted
http://langcog.stanford.edu/expts/simple_pragmatics/type1-03-Oct-2011-03-Oct-2011-cond5-img0041.jpg,striped,square,dotted,circle,pattern,shape,2,1,2,circle,red,striped,square,red,striped,circle,red,dotted
http://langcog.stanford.edu/expts/simple_pragmatics/type1-03-Oct-2011-03-Oct-2011-cond5-img0042.jpg,striped,square,dotted,circle,pattern,shape,2,1,1,square,red,striped,circle,red,dotted,circle,red,striped
http://langcog.stanford.edu/expts/simple_pragmatics/type1-03-Oct-2011-03-Oct-2011-cond5-img0043.jpg,blue,striped,green,dotted,color,pattern,2,1,1,cloud,blue,striped,cloud,green,dotted,cloud,blue,dotted
http://langcog.stanford.edu/expts/simple_pragmatics/type1-03-Oct-2011-03-Oct-2011-cond5-img0044.jpg,green,dotted,blue,striped,color,pattern,2,1,2,cloud,green,striped,cloud,green,dotted,cloud,blue,striped
http://langcog.stanford.edu/expts/simple_pragmatics/type1-03-Oct-2011-03-Oct-2011-cond5-img0045.jpg,circle,striped,square,dotted,shape,pattern,2,1,1,circle,red,striped,square,red,dotted,circle,red,dotted
http://langcog.stanford.edu/expts/simple_pragmatics/type1-03-Oct-2011-03-Oct-2011-cond5-img0046.jpg,dotted,circle,striped,square,pattern,shape,2,1,2,square,red,dotted,circle,red,dotted,square,red,striped
http://langcog.stanford.edu/expts/simple_pragmatics/type1-03-Oct-2011-03-Oct-2011-cond5-img0047.jpg,dotted,square,striped,circle,pattern,shape,2,1,2,circle,red,dotted,square,red,dotted,circle,red,striped
http://langcog.stanford.edu/expts/simple_pragmatics/type1-03-Oct-2011-03-Oct-2011-cond5-img0048.jpg,striped,square,dotted,circle,pattern,shape,2,1,3,circle,red,dotted,circle,red,striped,square,red,striped
http://langcog.stanford.edu/expts/simple_pragmatics/type1-03-Oct-2011-03-Oct-2011-cond5-img0049.jpg,dotted,blue,striped,green,pattern,color,2,1,1,cloud,blue,dotted,cloud,green,dotted,cloud,green,striped
http://langcog.stanford.edu/expts/simple_pragmatics/type1-03-Oct-2011-03-Oct-2011-cond5-img0050.jpg,striped,blue,dotted,green,pattern,color,2,1,3,cloud,green,dotted,cloud,green,striped,cloud,blue,striped
http://langcog.stanford.edu/expts/simple_pragmatics/type1-03-Oct-2011-03-Oct-2011-cond6-img0001.jpg,circle,striped,square,dotted,shape,pattern,1,1,3,square,red,dotted,square,red,dotted,circle,red,striped
http://langcog.stanford.edu/expts/simple_pragmatics/type1-03-Oct-2011-03-Oct-2011-cond6-img0002.jpg,square,green,circle,blue,shape,color,1,1,2,circle,blue,solid,square,green,solid,circle,blue,solid
http://langcog.stanford.edu/expts/simple_pragmatics/type1-03-Oct-2011-03-Oct-2011-cond6-img0003.jpg,square,striped,circle,dotted,shape,pattern,1,1,1,square,red,striped,circle,red,dotted,circle,red,dotted
http://langcog.stanford.edu/expts/simple_pragmatics/type1-03-Oct-2011-03-Oct-2011-cond6-img0004.jpg,striped,blue,dotted,green,pattern,color,1,1,1,cloud,blue,striped,cloud,green,dotted,cloud,green,dotted
http://langcog.stanford.edu/expts/simple_pragmatics/type1-03-Oct-2011-03-Oct-2011-cond6-img0005.jpg,blue,circle,green,square,color,shape,1,1,1,circle,blue,solid,square,green,solid,square,green,solid
http://langcog.stanford.edu/expts/simple_pragmatics/type1-03-Oct-2011-03-Oct-2011-cond6-img0006.jpg,square,green,circle,blue,shape,color,1,1,1,square,green,solid,circle,blue,solid,circle,blue,solid
http://langcog.stanford.edu/expts/simple_pragmatics/type1-03-Oct-2011-03-Oct-2011-cond6-img0007.jpg,circle,striped,square,dotted,shape,pattern,1,1,3,square,red,dotted,square,red,dotted,circle,red,striped
http://langcog.stanford.edu/expts/simple_pragmatics/type1-03-Oct-2011-03-Oct-2011-cond6-img0008.jpg,square,blue,circle,green,shape,color,1,1,2,circle,green,solid,square,blue,solid,circle,green,solid
http://langcog.stanford.edu/expts/simple_pragmatics/type1-03-Oct-2011-03-Oct-2011-cond6-img0009.jpg,circle,blue,square,green,shape,color,1,1,1,circle,blue,solid,square,green,solid,square,green,solid
http://langcog.stanford.edu/expts/simple_pragmatics/type1-03-Oct-2011-03-Oct-2011-cond6-img0010.jpg,circle,green,square,blue,shape,color,1,1,2,square,blue,solid,circle,green,solid,square,blue,solid
http://langcog.stanford.edu/expts/simple_pragmatics/type1-03-Oct-2011-03-Oct-2011-cond6-img0011.jpg,green,circle,blue,square,color,shape,1,1,1,circle,green,solid,square,blue,solid,square,blue,solid
http://langcog.stanford.edu/expts/simple_pragmatics/type1-03-Oct-2011-03-Oct-2011-cond6-img0012.jpg,blue,square,green,circle,color,shape,1,1,2,circle,green,solid,square,blue,solid,circle,green,solid
http://langcog.stanford.edu/expts/simple_pragmatics/type1-03-Oct-2011-03-Oct-2011-cond6-img0013.jpg,dotted,blue,striped,green,pattern,color,1,1,1,cloud,blue,dotted,cloud,green,striped,cloud,green,striped
http://langcog.stanford.edu/expts/simple_pragmatics/type1-03-Oct-2011-03-Oct-2011-cond6-img0014.jpg,circle,blue,square,green,shape,color,1,1,3,square,green,solid,square,green,solid,circle,blue,solid
http://langcog.stanford.edu/expts/simple_pragmatics/type1-03-Oct-2011-03-Oct-2011-cond6-img0015.jpg,blue,square,green,circle,color,shape,1,1,1,square,blue,solid,circle,green,solid,circle,green,solid
http://langcog.stanford.edu/expts/simple_pragmatics/type1-03-Oct-2011-03-Oct-2011-cond6-img0016.jpg,green,square,blue,circle,color,shape,1,1,1,square,green,solid,circle,blue,solid,circle,blue,solid
http://langcog.stanford.edu/expts/simple_pragmatics/type1-03-Oct-2011-03-Oct-2011-cond6-img0017.jpg,striped,square,dotted,circle,pattern,shape,1,1,1,square,red,striped,circle,red,dotted,circle,red,dotted
http://langcog.stanford.edu/expts/simple_pragmatics/type1-03-Oct-2011-03-Oct-2011-cond6-img0018.jpg,green,striped,blue,dotted,color,pattern,1,1,3,cloud,blue,dotted,cloud,blue,dotted,cloud,green,striped
http://langcog.stanford.edu/expts/simple_pragmatics/type1-03-Oct-2011-03-Oct-2011-cond6-img0019.jpg,circle,dotted,square,striped,shape,pattern,1,1,3,square,red,striped,square,red,striped,circle,red,dotted
http://langcog.stanford.edu/expts/simple_pragmatics/type1-03-Oct-2011-03-Oct-2011-cond6-img0020.jpg,dotted,circle,striped,square,pattern,shape,1,1,2,square,red,striped,circle,red,dotted,square,red,striped
http://langcog.stanford.edu/expts/simple_pragmatics/type1-03-Oct-2011-03-Oct-2011-cond6-img0021.jpg,square,green,circle,blue,shape,color,1,1,3,circle,blue,solid,circle,blue,solid,square,green,solid
http://langcog.stanford.edu/expts/simple_pragmatics/type1-03-Oct-2011-03-Oct-2011-cond6-img0022.jpg,blue,dotted,green,striped,color,pattern,1,1,1,cloud,blue,dotted,cloud,green,striped,cloud,green,striped
http://langcog.stanford.edu/expts/simple_pragmatics/type1-03-Oct-2011-03-Oct-2011-cond6-img0023.jpg,circle,blue,square,green,shape,color,1,1,3,square,green,solid,square,green,solid,circle,blue,solid
http://langcog.stanford.edu/expts/simple_pragmatics/type1-03-Oct-2011-03-Oct-2011-cond6-img0024.jpg,blue,circle,green,square,color,shape,1,1,1,circle,blue,solid,square,green,solid,square,green,solid
http://langcog.stanford.edu/expts/simple_pragmatics/type1-03-Oct-2011-03-Oct-2011-cond6-img0025.jpg,blue,dotted,green,striped,color,pattern,1,1,1,cloud,blue,dotted,cloud,green,striped,cloud,green,striped
http://langcog.stanford.edu/expts/simple_pragmatics/type1-03-Oct-2011-03-Oct-2011-cond6-img0026.jpg,dotted,blue,striped,green,pattern,color,1,1,1,cloud,blue,dotted,cloud,green,striped,cloud,green,striped
http://langcog.stanford.edu/expts/simple_pragmatics/type1-03-Oct-2011-03-Oct-2011-cond6-img0027.jpg,striped,green,dotted,blue,pattern,color,1,1,3,cloud,blue,dotted,cloud,blue,dotted,cloud,green,striped
http://langcog.stanford.edu/expts/simple_pragmatics/type1-03-Oct-2011-03-Oct-2011-cond6-img0028.jpg,dotted,blue,striped,green,pattern,color,1,1,2,cloud,green,striped,cloud,blue,dotted,cloud,green,striped
http://langcog.stanford.edu/expts/simple_pragmatics/type1-03-Oct-2011-03-Oct-2011-cond6-img0029.jpg,circle,dotted,square,striped,shape,pattern,1,1,1,circle,red,dotted,square,red,striped,square,red,striped
http://langcog.stanford.edu/expts/simple_pragmatics/type1-03-Oct-2011-03-Oct-2011-cond6-img0030.jpg,square,green,circle,blue,shape,color,1,1,2,circle,blue,solid,square,green,solid,circle,blue,solid
http://langcog.stanford.edu/expts/simple_pragmatics/type1-03-Oct-2011-03-Oct-2011-cond6-img0031.jpg,dotted,green,striped,blue,pattern,color,1,1,2,cloud,blue,striped,cloud,green,dotted,cloud,blue,striped
http://langcog.stanford.edu/expts/simple_pragmatics/type1-03-Oct-2011-03-Oct-2011-cond6-img0032.jpg,square,green,circle,blue,shape,color,1,1,3,circle,blue,solid,circle,blue,solid,square,green,solid
http://langcog.stanford.edu/expts/simple_pragmatics/type1-03-Oct-2011-03-Oct-2011-cond6-img0033.jpg,green,dotted,blue,striped,color,pattern,1,1,1,cloud,green,dotted,cloud,blue,striped,cloud,blue,striped
http://langcog.stanford.edu/expts/simple_pragmatics/type1-03-Oct-2011-03-Oct-2011-cond6-img0034.jpg,dotted,green,striped,blue,pattern,color,1,1,2,cloud,blue,striped,cloud,green,dotted,cloud,blue,striped
http://langcog.stanford.edu/expts/simple_pragmatics/type1-03-Oct-2011-03-Oct-2011-cond6-img0035.jpg,square,striped,circle,dotted,shape,pattern,1,1,1,square,red,striped,circle,red,dotted,circle,red,dotted
http://langcog.stanford.edu/expts/simple_pragmatics/type1-03-Oct-2011-03-Oct-2011-cond6-img0036.jpg,blue,square,green,circle,color,shape,1,1,1,square,blue,solid,circle,green,solid,circle,green,solid
http://langcog.stanford.edu/expts/simple_pragmatics/type1-03-Oct-2011-03-Oct-2011-cond6-img0037.jpg,circle,striped,square,dotted,shape,pattern,1,1,1,circle,red,striped,square,red,dotted,square,red,dotted
http://langcog.stanford.edu/expts/simple_pragmatics/type1-03-Oct-2011-03-Oct-2011-cond6-img0038.jpg,green,dotted,blue,striped,color,pattern,1,1,3,cloud,blue,striped,cloud,blue,striped,cloud,green,dotted
http://langcog.stanford.edu/expts/simple_pragmatics/type1-03-Oct-2011-03-Oct-2011-cond6-img0039.jpg,blue,dotted,green,striped,color,pattern,1,1,3,cloud,green,striped,cloud,green,striped,cloud,blue,dotted
http://langcog.stanford.edu/expts/simple_pragmatics/type1-03-Oct-2011-03-Oct-2011-cond6-img0040.jpg,dotted,square,striped,circle,pattern,shape,1,1,1,square,red,dotted,circle,red,striped,circle,red,striped
http://langcog.stanford.edu/expts/simple_pragmatics/type1-03-Oct-2011-03-Oct-2011-cond6-img0041.jpg,green,square,blue,circle,color,shape,1,1,2,circle,blue,solid,square,green,solid,circle,blue,solid
http://langcog.stanford.edu/expts/simple_pragmatics/type1-03-Oct-2011-03-Oct-2011-cond6-img0042.jpg,square,dotted,circle,striped,shape,pattern,1,1,3,circle,red,striped,circle,red,striped,square,red,dotted
http://langcog.stanford.edu/expts/simple_pragmatics/type1-03-Oct-2011-03-Oct-2011-cond6-img0043.jpg,green,circle,blue,square,color,shape,1,1,1,circle,green,solid,square,blue,solid,square,blue,solid
http://langcog.stanford.edu/expts/simple_pragmatics/type1-03-Oct-2011-03-Oct-2011-cond6-img0044.jpg,striped,circle,dotted,square,pattern,shape,1,1,1,circle,red,striped,square,red,dotted,square,red,dotted
http://langcog.stanford.edu/expts/simple_pragmatics/type1-03-Oct-2011-03-Oct-2011-cond6-img0045.jpg,square,green,circle,blue,shape,color,1,1,1,square,green,solid,circle,blue,solid,circle,blue,solid
http://langcog.stanford.edu/expts/simple_pragmatics/type1-03-Oct-2011-03-Oct-2011-cond6-img0046.jpg,striped,green,dotted,blue,pattern,color,1,1,1,cloud,green,striped,cloud,blue,dotted,cloud,blue,dotted
http://langcog.stanford.edu/expts/simple_pragmatics/type1-03-Oct-2011-03-Oct-2011-cond6-img0047.jpg,blue,dotted,green,striped,color,pattern,1,1,3,cloud,green,striped,cloud,green,striped,cloud,blue,dotted
http://langcog.stanford.edu/expts/simple_pragmatics/type1-03-Oct-2011-03-Oct-2011-cond6-img0048.jpg,blue,circle,green,square,color,shape,1,1,2,square,green,solid,circle,blue,solid,square,green,solid
http://langcog.stanford.edu/expts/simple_pragmatics/type1-03-Oct-2011-03-Oct-2011-cond6-img0049.jpg,dotted,blue,striped,green,pattern,color,1,1,3,cloud,green,striped,cloud,green,striped,cloud,blue,dotted
http://langcog.stanford.edu/expts/simple_pragmatics/type1-03-Oct-2011-03-Oct-2011-cond6-img0050.jpg,green,striped,blue,dotted,color,pattern,1,1,1,cloud,green,striped,cloud,blue,dotted,cloud,blue,dotted
